---,Gender,Type,Inner,SkeletalMesh,ClippingMask,AdditionalData,ClothBlendWeight
F_Jacket_001,F,Outer,F_Tanktop_001,/Script/Engine.SkeletalMesh'/Game/Customizing/Character_New/Clothes_Re/Female/Outer/F_Jacket_001/Skinning/F_Jacket_001.F_Jacket_001',/Script/Engine.Texture2D'/Game/Customizing/Character_New/Clothes_Re/Female/Outer/F_Jacket_001/T_F_Jacket_001_B.T_F_Jacket_001_B',,0.25
F_Tanktop_001,F,Upper,,/Script/Engine.SkeletalMesh'/Game/Customizing/Character_New/Clothes_Re/Female/Outer/F_Jacket_001/Skinning/F_Jacket_001.F_Jacket_001',/Script/Engine.Texture2D'/Game/Customizing/Character_New/Clothes_Re/Female/Outer/F_Jacket_001/T_F_Jacket_001_B.T_F_Jacket_001_B',,0.25
F_Shorts_001,F,Lower,,/Script/Engine.SkeletalMesh'/Game/Customizing/Character_New/Clothes_Re/Female/Outer/F_Jacket_001/Skinning/F_Jacket_001.F_Jacket_001',/Script/Engine.Texture2D'/Game/Customizing/Character_New/Clothes_Re/Female/Outer/F_Jacket_001/T_F_Jacket_001_B.T_F_Jacket_001_B',,0.25
F_Sandals_001,F,Shoes,,/Script/Engine.SkeletalMesh'/Game/Customizing/Character_New/Clothes_Re/Female/Outer/F_Jacket_001/Skinning/F_Jacket_001.F_Jacket_001',/Script/Engine.Texture2D'/Game/Customizing/Character_New/Clothes_Re/Female/Outer/F_Jacket_001/T_F_Jacket_001_B.T_F_Jacket_001_B',,0.25
M_Necklace_001,M,Acc,,/Script/Engine.SkeletalMesh'/Game/Customizing/Character_New/Clothes_Re/Female/Outer/F_Jacket_001/Skinning/F_Jacket_001.F_Jacket_001',/Script/Engine.Texture2D'/Game/Customizing/Character_New/Clothes_Re/Female/Outer/F_Jacket_001/T_F_Jacket_001_B.T_F_Jacket_001_B',,0.25
F_Leggings_001,F,Lower,,/Script/Engine.SkeletalMesh'/Game/Customizing/Character_New/Clothes_Re/Female/Outer/F_Jacket_001/Skinning/F_Jacket_001.F_Jacket_001',/Script/Engine.Texture2D'/Game/Customizing/Character_New/Clothes_Re/Female/Outer/F_Jacket_001/T_F_Jacket_001_B.T_F_Jacket_001_B',,0.25
F_Pants_001,F,Lower,,/Script/Engine.SkeletalMesh'/Game/Customizing/Character_New/Clothes_Re/Female/Outer/F_Jacket_001/Skinning/F_Jacket_001.F_Jacket_001',/Script/Engine.Texture2D'/Game/Customizing/Character_New/Clothes_Re/Female/Outer/F_Jacket_001/T_F_Jacket_001_B.T_F_Jacket_001_B',,0.25
F_Pants_002,F,Lower,,/Script/Engine.SkeletalMesh'/Game/Customizing/Character_New/Clothes_Re/Female/Outer/F_Jacket_001/Skinning/F_Jacket_001.F_Jacket_001',/Script/Engine.Texture2D'/Game/Customizing/Character_New/Clothes_Re/Female/Outer/F_Jacket_001/T_F_Jacket_001_B.T_F_Jacket_001_B',,0.25
F_Pants_003,F,Lower,,/Script/Engine.SkeletalMesh'/Game/Customizing/Character_New/Clothes_Re/Female/Outer/F_Jacket_001/Skinning/F_Jacket_001.F_Jacket_001',/Script/Engine.Texture2D'/Game/Customizing/Character_New/Clothes_Re/Female/Outer/F_Jacket_001/T_F_Jacket_001_B.T_F_Jacket_001_B',,0.25
F_Pants_004,F,Lower,,/Script/Engine.SkeletalMesh'/Game/Customizing/Character_New/Clothes_Re/Female/Outer/F_Jacket_001/Skinning/F_Jacket_001.F_Jacket_001',/Script/Engine.Texture2D'/Game/Customizing/Character_New/Clothes_Re/Female/Outer/F_Jacket_001/T_F_Jacket_001_B.T_F_Jacket_001_B',,0.25
F_Pants_005,F,Lower,,/Script/Engine.SkeletalMesh'/Game/Customizing/Character_New/Clothes_Re/Female/Outer/F_Jacket_001/Skinning/F_Jacket_001.F_Jacket_001',/Script/Engine.Texture2D'/Game/Customizing/Character_New/Clothes_Re/Female/Outer/F_Jacket_001/T_F_Jacket_001_B.T_F_Jacket_001_B',,0.25
F_Pants_006,F,Lower,,/Script/Engine.SkeletalMesh'/Game/Customizing/Character_New/Clothes_Re/Female/Outer/F_Jacket_001/Skinning/F_Jacket_001.F_Jacket_001',/Script/Engine.Texture2D'/Game/Customizing/Character_New/Clothes_Re/Female/Outer/F_Jacket_001/T_F_Jacket_001_B.T_F_Jacket_001_B',,0.25
F_Pants_009,F,Lower,,/Script/Engine.SkeletalMesh'/Game/Customizing/Character_New/Clothes_Re/Female/Outer/F_Jacket_001/Skinning/F_Jacket_001.F_Jacket_001',/Script/Engine.Texture2D'/Game/Customizing/Character_New/Clothes_Re/Female/Outer/F_Jacket_001/T_F_Jacket_001_B.T_F_Jacket_001_B',,0.25
F_Pants_007,F,Lower,,/Script/Engine.SkeletalMesh'/Game/Customizing/Character_New/Clothes_Re/Female/Outer/F_Jacket_001/Skinning/F_Jacket_001.F_Jacket_001',/Script/Engine.Texture2D'/Game/Customizing/Character_New/Clothes_Re/Female/Outer/F_Jacket_001/T_F_Jacket_001_B.T_F_Jacket_001_B',,0.25
F_Pants_008,F,Lower,,/Script/Engine.SkeletalMesh'/Game/Customizing/Character_New/Clothes_Re/Female/Outer/F_Jacket_001/Skinning/F_Jacket_001.F_Jacket_001',/Script/Engine.Texture2D'/Game/Customizing/Character_New/Clothes_Re/Female/Outer/F_Jacket_001/T_F_Jacket_001_B.T_F_Jacket_001_B',,0.25
F_Shorts_002,F,Lower,,/Script/Engine.SkeletalMesh'/Game/Customizing/Character_New/Clothes_Re/Female/Outer/F_Jacket_001/Skinning/F_Jacket_001.F_Jacket_001',/Script/Engine.Texture2D'/Game/Customizing/Character_New/Clothes_Re/Female/Outer/F_Jacket_001/T_F_Jacket_001_B.T_F_Jacket_001_B',,0.25
F_Shorts_003,F,Lower,,/Script/Engine.SkeletalMesh'/Game/Customizing/Character_New/Clothes_Re/Female/Outer/F_Jacket_001/Skinning/F_Jacket_001.F_Jacket_001',/Script/Engine.Texture2D'/Game/Customizing/Character_New/Clothes_Re/Female/Outer/F_Jacket_001/T_F_Jacket_001_B.T_F_Jacket_001_B',,0.25
F_Shorts_004,F,Lower,,/Script/Engine.SkeletalMesh'/Game/Customizing/Character_New/Clothes_Re/Female/Outer/F_Jacket_001/Skinning/F_Jacket_001.F_Jacket_001',/Script/Engine.Texture2D'/Game/Customizing/Character_New/Clothes_Re/Female/Outer/F_Jacket_001/T_F_Jacket_001_B.T_F_Jacket_001_B',,0.25
F_Skirts_001,F,Lower,,/Script/Engine.SkeletalMesh'/Game/Customizing/Character_New/Clothes_Re/Female/Outer/F_Jacket_001/Skinning/F_Jacket_001.F_Jacket_001',/Script/Engine.Texture2D'/Game/Customizing/Character_New/Clothes_Re/Female/Outer/F_Jacket_001/T_F_Jacket_001_B.T_F_Jacket_001_B',,0.25
F_Skirts_002,F,Lower,,/Script/Engine.SkeletalMesh'/Game/Customizing/Character_New/Clothes_Re/Female/Outer/F_Jacket_001/Skinning/F_Jacket_001.F_Jacket_001',/Script/Engine.Texture2D'/Game/Customizing/Character_New/Clothes_Re/Female/Outer/F_Jacket_001/T_F_Jacket_001_B.T_F_Jacket_001_B',,0.25
F_Skirts_003,F,Lower,,/Script/Engine.SkeletalMesh'/Game/Customizing/Character_New/Clothes_Re/Female/Outer/F_Jacket_001/Skinning/F_Jacket_001.F_Jacket_001',/Script/Engine.Texture2D'/Game/Customizing/Character_New/Clothes_Re/Female/Outer/F_Jacket_001/T_F_Jacket_001_B.T_F_Jacket_001_B',,0.25
F_Skirts_004,F,Lower,,/Script/Engine.SkeletalMesh'/Game/Customizing/Character_New/Clothes_Re/Female/Outer/F_Jacket_001/Skinning/F_Jacket_001.F_Jacket_001',/Script/Engine.Texture2D'/Game/Customizing/Character_New/Clothes_Re/Female/Outer/F_Jacket_001/T_F_Jacket_001_B.T_F_Jacket_001_B',,0.25
F_Skirts_005,F,Lower,,/Script/Engine.SkeletalMesh'/Game/Customizing/Character_New/Clothes_Re/Female/Outer/F_Jacket_001/Skinning/F_Jacket_001.F_Jacket_001',/Script/Engine.Texture2D'/Game/Customizing/Character_New/Clothes_Re/Female/Outer/F_Jacket_001/T_F_Jacket_001_B.T_F_Jacket_001_B',,0.25
F_Skirts_006,F,Lower,,/Script/Engine.SkeletalMesh'/Game/Customizing/Character_New/Clothes_Re/Female/Outer/F_Jacket_001/Skinning/F_Jacket_001.F_Jacket_001',/Script/Engine.Texture2D'/Game/Customizing/Character_New/Clothes_Re/Female/Outer/F_Jacket_001/T_F_Jacket_001_B.T_F_Jacket_001_B',,0.25
F_Skirts_007,F,Lower,,/Script/Engine.SkeletalMesh'/Game/Customizing/Character_New/Clothes_Re/Female/Outer/F_Jacket_001/Skinning/F_Jacket_001.F_Jacket_001',/Script/Engine.Texture2D'/Game/Customizing/Character_New/Clothes_Re/Female/Outer/F_Jacket_001/T_F_Jacket_001_B.T_F_Jacket_001_B',,0.25
F_Underpants_001,F,Lower,,/Script/Engine.SkeletalMesh'/Game/Customizing/Character_New/Clothes_Re/Female/Outer/F_Jacket_001/Skinning/F_Jacket_001.F_Jacket_001',/Script/Engine.Texture2D'/Game/Customizing/Character_New/Clothes_Re/Female/Outer/F_Jacket_001/T_F_Jacket_001_B.T_F_Jacket_001_B',,0.25
F_Underpants_002,F,Lower,,/Script/Engine.SkeletalMesh'/Game/Customizing/Character_New/Clothes_Re/Female/Outer/F_Jacket_001/Skinning/F_Jacket_001.F_Jacket_001',/Script/Engine.Texture2D'/Game/Customizing/Character_New/Clothes_Re/Female/Outer/F_Jacket_001/T_F_Jacket_001_B.T_F_Jacket_001_B',,0.25
F_Lingerie_001,F,Ops,,/Script/Engine.SkeletalMesh'/Game/Customizing/Character_New/Clothes_Re/Female/Outer/F_Jacket_001/Skinning/F_Jacket_001.F_Jacket_001',/Script/Engine.Texture2D'/Game/Customizing/Character_New/Clothes_Re/Female/Outer/F_Jacket_001/T_F_Jacket_001_B.T_F_Jacket_001_B',,0.25
F_Dress_001,F,Ops,,/Script/Engine.SkeletalMesh'/Game/Customizing/Character_New/Clothes_Re/Female/Outer/F_Jacket_001/Skinning/F_Jacket_001.F_Jacket_001',/Script/Engine.Texture2D'/Game/Customizing/Character_New/Clothes_Re/Female/Outer/F_Jacket_001/T_F_Jacket_001_B.T_F_Jacket_001_B',,0.25
F_Dress_002,F,Ops,,/Script/Engine.SkeletalMesh'/Game/Customizing/Character_New/Clothes_Re/Female/Outer/F_Jacket_001/Skinning/F_Jacket_001.F_Jacket_001',/Script/Engine.Texture2D'/Game/Customizing/Character_New/Clothes_Re/Female/Outer/F_Jacket_001/T_F_Jacket_001_B.T_F_Jacket_001_B',,0.25
F_Jacket_002,F,Outer,F_Tanktop_004,/Script/Engine.SkeletalMesh'/Game/Customizing/Character_New/Clothes_Re/Female/Outer/F_Jacket_001/Skinning/F_Jacket_001.F_Jacket_001',/Script/Engine.Texture2D'/Game/Customizing/Character_New/Clothes_Re/Female/Outer/F_Jacket_001/T_F_Jacket_001_B.T_F_Jacket_001_B',,0.25
F_Cardigan_001,F,Outer,F_Tshirt_006,/Script/Engine.SkeletalMesh'/Game/Customizing/Character_New/Clothes_Re/Female/Outer/F_Jacket_001/Skinning/F_Jacket_001.F_Jacket_001',/Script/Engine.Texture2D'/Game/Customizing/Character_New/Clothes_Re/Female/Outer/F_Jacket_001/T_F_Jacket_001_B.T_F_Jacket_001_B',,0.25
F_Necklace_001,F,Acc,,/Script/Engine.SkeletalMesh'/Game/Customizing/Character_New/Clothes_Re/Female/Outer/F_Jacket_001/Skinning/F_Jacket_001.F_Jacket_001',/Script/Engine.Texture2D'/Game/Customizing/Character_New/Clothes_Re/Female/Outer/F_Jacket_001/T_F_Jacket_001_B.T_F_Jacket_001_B',,0.25
F_Blouse_001,F,Upper,,/Script/Engine.SkeletalMesh'/Game/Customizing/Character_New/Clothes_Re/Female/Outer/F_Jacket_001/Skinning/F_Jacket_001.F_Jacket_001',/Script/Engine.Texture2D'/Game/Customizing/Character_New/Clothes_Re/Female/Outer/F_Jacket_001/T_F_Jacket_001_B.T_F_Jacket_001_B',,0.25
F_Blouse_002,F,Upper,,/Script/Engine.SkeletalMesh'/Game/Customizing/Character_New/Clothes_Re/Female/Outer/F_Jacket_001/Skinning/F_Jacket_001.F_Jacket_001',/Script/Engine.Texture2D'/Game/Customizing/Character_New/Clothes_Re/Female/Outer/F_Jacket_001/T_F_Jacket_001_B.T_F_Jacket_001_B',,0.25
F_Blouse_003,F,Upper,,/Script/Engine.SkeletalMesh'/Game/Customizing/Character_New/Clothes_Re/Female/Outer/F_Jacket_001/Skinning/F_Jacket_001.F_Jacket_001',/Script/Engine.Texture2D'/Game/Customizing/Character_New/Clothes_Re/Female/Outer/F_Jacket_001/T_F_Jacket_001_B.T_F_Jacket_001_B',,0.25
F_Blouse_004,F,Upper,,/Script/Engine.SkeletalMesh'/Game/Customizing/Character_New/Clothes_Re/Female/Outer/F_Jacket_001/Skinning/F_Jacket_001.F_Jacket_001',/Script/Engine.Texture2D'/Game/Customizing/Character_New/Clothes_Re/Female/Outer/F_Jacket_001/T_F_Jacket_001_B.T_F_Jacket_001_B',,0.25
F_Bra_001,F,Upper,,/Script/Engine.SkeletalMesh'/Game/Customizing/Character_New/Clothes_Re/Female/Outer/F_Jacket_001/Skinning/F_Jacket_001.F_Jacket_001',/Script/Engine.Texture2D'/Game/Customizing/Character_New/Clothes_Re/Female/Outer/F_Jacket_001/T_F_Jacket_001_B.T_F_Jacket_001_B',,0.25
F_Bra_002,F,Upper,,/Script/Engine.SkeletalMesh'/Game/Customizing/Character_New/Clothes_Re/Female/Outer/F_Jacket_001/Skinning/F_Jacket_001.F_Jacket_001',/Script/Engine.Texture2D'/Game/Customizing/Character_New/Clothes_Re/Female/Outer/F_Jacket_001/T_F_Jacket_001_B.T_F_Jacket_001_B',,0.25
F_Blazer_001,F,Outer,F_Bra_002,/Script/Engine.SkeletalMesh'/Game/Customizing/Character_New/Clothes_Re/Female/Outer/F_Jacket_001/Skinning/F_Jacket_001.F_Jacket_001',/Script/Engine.Texture2D'/Game/Customizing/Character_New/Clothes_Re/Female/Outer/F_Jacket_001/T_F_Jacket_001_B.T_F_Jacket_001_B',,0.25
F_Shirt_001,F,Upper,,/Script/Engine.SkeletalMesh'/Game/Customizing/Character_New/Clothes_Re/Female/Outer/F_Jacket_001/Skinning/F_Jacket_001.F_Jacket_001',/Script/Engine.Texture2D'/Game/Customizing/Character_New/Clothes_Re/Female/Outer/F_Jacket_001/T_F_Jacket_001_B.T_F_Jacket_001_B',,0.25
F_Poloshirt_001,F,Upper,,/Script/Engine.SkeletalMesh'/Game/Customizing/Character_New/Clothes_Re/Female/Outer/F_Jacket_001/Skinning/F_Jacket_001.F_Jacket_001',/Script/Engine.Texture2D'/Game/Customizing/Character_New/Clothes_Re/Female/Outer/F_Jacket_001/T_F_Jacket_001_B.T_F_Jacket_001_B',,0.25
F_Sweater_001,F,Upper,,/Script/Engine.SkeletalMesh'/Game/Customizing/Character_New/Clothes_Re/Female/Outer/F_Jacket_001/Skinning/F_Jacket_001.F_Jacket_001',/Script/Engine.Texture2D'/Game/Customizing/Character_New/Clothes_Re/Female/Outer/F_Jacket_001/T_F_Jacket_001_B.T_F_Jacket_001_B',,0.25
F_Sweater_002,F,Upper,,/Script/Engine.SkeletalMesh'/Game/Customizing/Character_New/Clothes_Re/Female/Outer/F_Jacket_001/Skinning/F_Jacket_001.F_Jacket_001',/Script/Engine.Texture2D'/Game/Customizing/Character_New/Clothes_Re/Female/Outer/F_Jacket_001/T_F_Jacket_001_B.T_F_Jacket_001_B',,0.25
F_Sweater_003,F,Upper,,/Script/Engine.SkeletalMesh'/Game/Customizing/Character_New/Clothes_Re/Female/Outer/F_Jacket_001/Skinning/F_Jacket_001.F_Jacket_001',/Script/Engine.Texture2D'/Game/Customizing/Character_New/Clothes_Re/Female/Outer/F_Jacket_001/T_F_Jacket_001_B.T_F_Jacket_001_B',,0.25
F_Sweatshirt_001,F,Upper,,/Script/Engine.SkeletalMesh'/Game/Customizing/Character_New/Clothes_Re/Female/Outer/F_Jacket_001/Skinning/F_Jacket_001.F_Jacket_001',/Script/Engine.Texture2D'/Game/Customizing/Character_New/Clothes_Re/Female/Outer/F_Jacket_001/T_F_Jacket_001_B.T_F_Jacket_001_B',,0.25
F_Sweatshirt_002,F,Upper,,/Script/Engine.SkeletalMesh'/Game/Customizing/Character_New/Clothes_Re/Female/Outer/F_Jacket_001/Skinning/F_Jacket_001.F_Jacket_001',/Script/Engine.Texture2D'/Game/Customizing/Character_New/Clothes_Re/Female/Outer/F_Jacket_001/T_F_Jacket_001_B.T_F_Jacket_001_B',,0.25
F_Bikini_001,F,Set,,/Script/Engine.SkeletalMesh'/Game/Customizing/Character_New/Clothes_Re/Female/Outer/F_Jacket_001/Skinning/F_Jacket_001.F_Jacket_001',/Script/Engine.Texture2D'/Game/Customizing/Character_New/Clothes_Re/Female/Outer/F_Jacket_001/T_F_Jacket_001_B.T_F_Jacket_001_B',,0.25
F_Tanktop_005,F,Upper,,/Script/Engine.SkeletalMesh'/Game/Customizing/Character_New/Clothes_Re/Female/Outer/F_Jacket_001/Skinning/F_Jacket_001.F_Jacket_001',/Script/Engine.Texture2D'/Game/Customizing/Character_New/Clothes_Re/Female/Outer/F_Jacket_001/T_F_Jacket_001_B.T_F_Jacket_001_B',,0.25
F_Tanktop_002,F,Upper,,/Script/Engine.SkeletalMesh'/Game/Customizing/Character_New/Clothes_Re/Female/Outer/F_Jacket_001/Skinning/F_Jacket_001.F_Jacket_001',/Script/Engine.Texture2D'/Game/Customizing/Character_New/Clothes_Re/Female/Outer/F_Jacket_001/T_F_Jacket_001_B.T_F_Jacket_001_B',,0.25
F_Tanktop_003,F,Upper,,/Script/Engine.SkeletalMesh'/Game/Customizing/Character_New/Clothes_Re/Female/Outer/F_Jacket_001/Skinning/F_Jacket_001.F_Jacket_001',/Script/Engine.Texture2D'/Game/Customizing/Character_New/Clothes_Re/Female/Outer/F_Jacket_001/T_F_Jacket_001_B.T_F_Jacket_001_B',,0.25
F_Tanktop_004,F,Upper,,/Script/Engine.SkeletalMesh'/Game/Customizing/Character_New/Clothes_Re/Female/Outer/F_Jacket_001/Skinning/F_Jacket_001.F_Jacket_001',/Script/Engine.Texture2D'/Game/Customizing/Character_New/Clothes_Re/Female/Outer/F_Jacket_001/T_F_Jacket_001_B.T_F_Jacket_001_B',,0.25
F_Tshirt_001,F,Upper,,/Script/Engine.SkeletalMesh'/Game/Customizing/Character_New/Clothes_Re/Female/Outer/F_Jacket_001/Skinning/F_Jacket_001.F_Jacket_001',/Script/Engine.Texture2D'/Game/Customizing/Character_New/Clothes_Re/Female/Outer/F_Jacket_001/T_F_Jacket_001_B.T_F_Jacket_001_B',,0.25
F_Tshirt_002,F,Upper,,/Script/Engine.SkeletalMesh'/Game/Customizing/Character_New/Clothes_Re/Female/Outer/F_Jacket_001/Skinning/F_Jacket_001.F_Jacket_001',/Script/Engine.Texture2D'/Game/Customizing/Character_New/Clothes_Re/Female/Outer/F_Jacket_001/T_F_Jacket_001_B.T_F_Jacket_001_B',,0.25
F_Tshirt_003,F,Upper,,/Script/Engine.SkeletalMesh'/Game/Customizing/Character_New/Clothes_Re/Female/Outer/F_Jacket_001/Skinning/F_Jacket_001.F_Jacket_001',/Script/Engine.Texture2D'/Game/Customizing/Character_New/Clothes_Re/Female/Outer/F_Jacket_001/T_F_Jacket_001_B.T_F_Jacket_001_B',,0.25
F_Tshirt_004,F,Upper,,/Script/Engine.SkeletalMesh'/Game/Customizing/Character_New/Clothes_Re/Female/Outer/F_Jacket_001/Skinning/F_Jacket_001.F_Jacket_001',/Script/Engine.Texture2D'/Game/Customizing/Character_New/Clothes_Re/Female/Outer/F_Jacket_001/T_F_Jacket_001_B.T_F_Jacket_001_B',,0.25
F_Vest_001,F,Upper,,/Script/Engine.SkeletalMesh'/Game/Customizing/Character_New/Clothes_Re/Female/Outer/F_Jacket_001/Skinning/F_Jacket_001.F_Jacket_001',/Script/Engine.Texture2D'/Game/Customizing/Character_New/Clothes_Re/Female/Outer/F_Jacket_001/T_F_Jacket_001_B.T_F_Jacket_001_B',,0.25
F_Boots_001,F,Shoes,,/Script/Engine.SkeletalMesh'/Game/Customizing/Character_New/Clothes_Re/Female/Outer/F_Jacket_001/Skinning/F_Jacket_001.F_Jacket_001',/Script/Engine.Texture2D'/Game/Customizing/Character_New/Clothes_Re/Female/Outer/F_Jacket_001/T_F_Jacket_001_B.T_F_Jacket_001_B',,0.25
F_Boots_002,F,Shoes,,/Script/Engine.SkeletalMesh'/Game/Customizing/Character_New/Clothes_Re/Female/Outer/F_Jacket_001/Skinning/F_Jacket_001.F_Jacket_001',/Script/Engine.Texture2D'/Game/Customizing/Character_New/Clothes_Re/Female/Outer/F_Jacket_001/T_F_Jacket_001_B.T_F_Jacket_001_B',,0.25
F_Boots_003,F,Shoes,,/Script/Engine.SkeletalMesh'/Game/Customizing/Character_New/Clothes_Re/Female/Outer/F_Jacket_001/Skinning/F_Jacket_001.F_Jacket_001',/Script/Engine.Texture2D'/Game/Customizing/Character_New/Clothes_Re/Female/Outer/F_Jacket_001/T_F_Jacket_001_B.T_F_Jacket_001_B',,0.25
F_Boots_004,F,Shoes,,/Script/Engine.SkeletalMesh'/Game/Customizing/Character_New/Clothes_Re/Female/Outer/F_Jacket_001/Skinning/F_Jacket_001.F_Jacket_001',/Script/Engine.Texture2D'/Game/Customizing/Character_New/Clothes_Re/Female/Outer/F_Jacket_001/T_F_Jacket_001_B.T_F_Jacket_001_B',,0.25
F_Sneakers_001,F,Shoes,,/Script/Engine.SkeletalMesh'/Game/Customizing/Character_New/Clothes_Re/Female/Outer/F_Jacket_001/Skinning/F_Jacket_001.F_Jacket_001',/Script/Engine.Texture2D'/Game/Customizing/Character_New/Clothes_Re/Female/Outer/F_Jacket_001/T_F_Jacket_001_B.T_F_Jacket_001_B',,0.25
F_Sneakers_002,F,Shoes,,/Script/Engine.SkeletalMesh'/Game/Customizing/Character_New/Clothes_Re/Female/Outer/F_Jacket_001/Skinning/F_Jacket_001.F_Jacket_001',/Script/Engine.Texture2D'/Game/Customizing/Character_New/Clothes_Re/Female/Outer/F_Jacket_001/T_F_Jacket_001_B.T_F_Jacket_001_B',,0.25
F_Sneakers_003,F,Shoes,,/Script/Engine.SkeletalMesh'/Game/Customizing/Character_New/Clothes_Re/Female/Outer/F_Jacket_001/Skinning/F_Jacket_001.F_Jacket_001',/Script/Engine.Texture2D'/Game/Customizing/Character_New/Clothes_Re/Female/Outer/F_Jacket_001/T_F_Jacket_001_B.T_F_Jacket_001_B',,0.25
F_Sneakers_004,F,Shoes,,/Script/Engine.SkeletalMesh'/Game/Customizing/Character_New/Clothes_Re/Female/Outer/F_Jacket_001/Skinning/F_Jacket_001.F_Jacket_001',/Script/Engine.Texture2D'/Game/Customizing/Character_New/Clothes_Re/Female/Outer/F_Jacket_001/T_F_Jacket_001_B.T_F_Jacket_001_B',,0.25
F_Sneakers_005,F,Shoes,,/Script/Engine.SkeletalMesh'/Game/Customizing/Character_New/Clothes_Re/Female/Outer/F_Jacket_001/Skinning/F_Jacket_001.F_Jacket_001',/Script/Engine.Texture2D'/Game/Customizing/Character_New/Clothes_Re/Female/Outer/F_Jacket_001/T_F_Jacket_001_B.T_F_Jacket_001_B',,0.25
F_Sneakers_006,F,Shoes,,/Script/Engine.SkeletalMesh'/Game/Customizing/Character_New/Clothes_Re/Female/Outer/F_Jacket_001/Skinning/F_Jacket_001.F_Jacket_001',/Script/Engine.Texture2D'/Game/Customizing/Character_New/Clothes_Re/Female/Outer/F_Jacket_001/T_F_Jacket_001_B.T_F_Jacket_001_B',,0.25
F_Sneakers_007,F,Shoes,,/Script/Engine.SkeletalMesh'/Game/Customizing/Character_New/Clothes_Re/Female/Outer/F_Jacket_001/Skinning/F_Jacket_001.F_Jacket_001',/Script/Engine.Texture2D'/Game/Customizing/Character_New/Clothes_Re/Female/Outer/F_Jacket_001/T_F_Jacket_001_B.T_F_Jacket_001_B',,0.25
F_Sneakers_008,F,Shoes,,/Script/Engine.SkeletalMesh'/Game/Customizing/Character_New/Clothes_Re/Female/Outer/F_Jacket_001/Skinning/F_Jacket_001.F_Jacket_001',/Script/Engine.Texture2D'/Game/Customizing/Character_New/Clothes_Re/Female/Outer/F_Jacket_001/T_F_Jacket_001_B.T_F_Jacket_001_B',,0.25
F_Sneakers_009,F,Shoes,,/Script/Engine.SkeletalMesh'/Game/Customizing/Character_New/Clothes_Re/Female/Outer/F_Jacket_001/Skinning/F_Jacket_001.F_Jacket_001',/Script/Engine.Texture2D'/Game/Customizing/Character_New/Clothes_Re/Female/Outer/F_Jacket_001/T_F_Jacket_001_B.T_F_Jacket_001_B',,0.25
F_Sneakers_010,F,Shoes,,/Script/Engine.SkeletalMesh'/Game/Customizing/Character_New/Clothes_Re/Female/Outer/F_Jacket_001/Skinning/F_Jacket_001.F_Jacket_001',/Script/Engine.Texture2D'/Game/Customizing/Character_New/Clothes_Re/Female/Outer/F_Jacket_001/T_F_Jacket_001_B.T_F_Jacket_001_B',,0.25
F_Sneakers_011,F,Shoes,,/Script/Engine.SkeletalMesh'/Game/Customizing/Character_New/Clothes_Re/Female/Outer/F_Jacket_001/Skinning/F_Jacket_001.F_Jacket_001',/Script/Engine.Texture2D'/Game/Customizing/Character_New/Clothes_Re/Female/Outer/F_Jacket_001/T_F_Jacket_001_B.T_F_Jacket_001_B',,0.25
F_Sneakers_012,F,Shoes,,/Script/Engine.SkeletalMesh'/Game/Customizing/Character_New/Clothes_Re/Female/Outer/F_Jacket_001/Skinning/F_Jacket_001.F_Jacket_001',/Script/Engine.Texture2D'/Game/Customizing/Character_New/Clothes_Re/Female/Outer/F_Jacket_001/T_F_Jacket_001_B.T_F_Jacket_001_B',,0.25
F_Sneakers_013,F,Shoes,,/Script/Engine.SkeletalMesh'/Game/Customizing/Character_New/Clothes_Re/Female/Outer/F_Jacket_001/Skinning/F_Jacket_001.F_Jacket_001',/Script/Engine.Texture2D'/Game/Customizing/Character_New/Clothes_Re/Female/Outer/F_Jacket_001/T_F_Jacket_001_B.T_F_Jacket_001_B',,0.25
F_Sneakers_014,F,Shoes,,/Script/Engine.SkeletalMesh'/Game/Customizing/Character_New/Clothes_Re/Female/Outer/F_Jacket_001/Skinning/F_Jacket_001.F_Jacket_001',/Script/Engine.Texture2D'/Game/Customizing/Character_New/Clothes_Re/Female/Outer/F_Jacket_001/T_F_Jacket_001_B.T_F_Jacket_001_B',,0.25
F_Loafers_001,F,Shoes,,/Script/Engine.SkeletalMesh'/Game/Customizing/Character_New/Clothes_Re/Female/Outer/F_Jacket_001/Skinning/F_Jacket_001.F_Jacket_001',/Script/Engine.Texture2D'/Game/Customizing/Character_New/Clothes_Re/Female/Outer/F_Jacket_001/T_F_Jacket_001_B.T_F_Jacket_001_B',,0.25
F_Loafers_002,F,Shoes,,/Script/Engine.SkeletalMesh'/Game/Customizing/Character_New/Clothes_Re/Female/Outer/F_Jacket_001/Skinning/F_Jacket_001.F_Jacket_001',/Script/Engine.Texture2D'/Game/Customizing/Character_New/Clothes_Re/Female/Outer/F_Jacket_001/T_F_Jacket_001_B.T_F_Jacket_001_B',,0.25
F_Loafers_004,F,Shoes,,/Script/Engine.SkeletalMesh'/Game/Customizing/Character_New/Clothes_Re/Female/Outer/F_Jacket_001/Skinning/F_Jacket_001.F_Jacket_001',/Script/Engine.Texture2D'/Game/Customizing/Character_New/Clothes_Re/Female/Outer/F_Jacket_001/T_F_Jacket_001_B.T_F_Jacket_001_B',,0.25
F_Loafers_005,F,Shoes,,/Script/Engine.SkeletalMesh'/Game/Customizing/Character_New/Clothes_Re/Female/Outer/F_Jacket_001/Skinning/F_Jacket_001.F_Jacket_001',/Script/Engine.Texture2D'/Game/Customizing/Character_New/Clothes_Re/Female/Outer/F_Jacket_001/T_F_Jacket_001_B.T_F_Jacket_001_B',,0.25
F_Loafers_006,F,Shoes,,/Script/Engine.SkeletalMesh'/Game/Customizing/Character_New/Clothes_Re/Female/Outer/F_Jacket_001/Skinning/F_Jacket_001.F_Jacket_001',/Script/Engine.Texture2D'/Game/Customizing/Character_New/Clothes_Re/Female/Outer/F_Jacket_001/T_F_Jacket_001_B.T_F_Jacket_001_B',,0.25
F_Loafers_007,F,Shoes,,/Script/Engine.SkeletalMesh'/Game/Customizing/Character_New/Clothes_Re/Female/Outer/F_Jacket_001/Skinning/F_Jacket_001.F_Jacket_001',/Script/Engine.Texture2D'/Game/Customizing/Character_New/Clothes_Re/Female/Outer/F_Jacket_001/T_F_Jacket_001_B.T_F_Jacket_001_B',,0.25
F_Sandals_002,F,Shoes,,/Script/Engine.SkeletalMesh'/Game/Customizing/Character_New/Clothes_Re/Female/Outer/F_Jacket_001/Skinning/F_Jacket_001.F_Jacket_001',/Script/Engine.Texture2D'/Game/Customizing/Character_New/Clothes_Re/Female/Outer/F_Jacket_001/T_F_Jacket_001_B.T_F_Jacket_001_B',,0.25
F_Sandals_003,F,Shoes,,/Script/Engine.SkeletalMesh'/Game/Customizing/Character_New/Clothes_Re/Female/Outer/F_Jacket_001/Skinning/F_Jacket_001.F_Jacket_001',/Script/Engine.Texture2D'/Game/Customizing/Character_New/Clothes_Re/Female/Outer/F_Jacket_001/T_F_Jacket_001_B.T_F_Jacket_001_B',,0.25
F_Sandals_004,F,Shoes,,/Script/Engine.SkeletalMesh'/Game/Customizing/Character_New/Clothes_Re/Female/Outer/F_Jacket_001/Skinning/F_Jacket_001.F_Jacket_001',/Script/Engine.Texture2D'/Game/Customizing/Character_New/Clothes_Re/Female/Outer/F_Jacket_001/T_F_Jacket_001_B.T_F_Jacket_001_B',,0.25
F_Sandals_005,F,Shoes,,/Script/Engine.SkeletalMesh'/Game/Customizing/Character_New/Clothes_Re/Female/Outer/F_Jacket_001/Skinning/F_Jacket_001.F_Jacket_001',/Script/Engine.Texture2D'/Game/Customizing/Character_New/Clothes_Re/Female/Outer/F_Jacket_001/T_F_Jacket_001_B.T_F_Jacket_001_B',,0.25
F_Sandals_007,F,Shoes,,/Script/Engine.SkeletalMesh'/Game/Customizing/Character_New/Clothes_Re/Female/Outer/F_Jacket_001/Skinning/F_Jacket_001.F_Jacket_001',/Script/Engine.Texture2D'/Game/Customizing/Character_New/Clothes_Re/Female/Outer/F_Jacket_001/T_F_Jacket_001_B.T_F_Jacket_001_B',,0.25
F_Sandals_008,F,Shoes,,/Script/Engine.SkeletalMesh'/Game/Customizing/Character_New/Clothes_Re/Female/Outer/F_Jacket_001/Skinning/F_Jacket_001.F_Jacket_001',/Script/Engine.Texture2D'/Game/Customizing/Character_New/Clothes_Re/Female/Outer/F_Jacket_001/T_F_Jacket_001_B.T_F_Jacket_001_B',,0.25
F_Sandals_009,F,Shoes,,/Script/Engine.SkeletalMesh'/Game/Customizing/Character_New/Clothes_Re/Female/Outer/F_Jacket_001/Skinning/F_Jacket_001.F_Jacket_001',/Script/Engine.Texture2D'/Game/Customizing/Character_New/Clothes_Re/Female/Outer/F_Jacket_001/T_F_Jacket_001_B.T_F_Jacket_001_B',,0.25
F_Slippers_001,F,Shoes,,/Script/Engine.SkeletalMesh'/Game/Customizing/Character_New/Clothes_Re/Female/Outer/F_Jacket_001/Skinning/F_Jacket_001.F_Jacket_001',/Script/Engine.Texture2D'/Game/Customizing/Character_New/Clothes_Re/Female/Outer/F_Jacket_001/T_F_Jacket_001_B.T_F_Jacket_001_B',,0.25
F_Slippers_002,F,Shoes,,/Script/Engine.SkeletalMesh'/Game/Customizing/Character_New/Clothes_Re/Female/Outer/F_Jacket_001/Skinning/F_Jacket_001.F_Jacket_001',/Script/Engine.Texture2D'/Game/Customizing/Character_New/Clothes_Re/Female/Outer/F_Jacket_001/T_F_Jacket_001_B.T_F_Jacket_001_B',,0.25
F_Slippers_003,F,Shoes,,/Script/Engine.SkeletalMesh'/Game/Customizing/Character_New/Clothes_Re/Female/Outer/F_Jacket_001/Skinning/F_Jacket_001.F_Jacket_001',/Script/Engine.Texture2D'/Game/Customizing/Character_New/Clothes_Re/Female/Outer/F_Jacket_001/T_F_Jacket_001_B.T_F_Jacket_001_B',,0.25
F_Slippers_004,F,Shoes,,/Script/Engine.SkeletalMesh'/Game/Customizing/Character_New/Clothes_Re/Female/Outer/F_Jacket_001/Skinning/F_Jacket_001.F_Jacket_001',/Script/Engine.Texture2D'/Game/Customizing/Character_New/Clothes_Re/Female/Outer/F_Jacket_001/T_F_Jacket_001_B.T_F_Jacket_001_B',,0.25
F_Wedges_001,F,Shoes,,/Script/Engine.SkeletalMesh'/Game/Customizing/Character_New/Clothes_Re/Female/Outer/F_Jacket_001/Skinning/F_Jacket_001.F_Jacket_001',/Script/Engine.Texture2D'/Game/Customizing/Character_New/Clothes_Re/Female/Outer/F_Jacket_001/T_F_Jacket_001_B.T_F_Jacket_001_B',,0.25
F_Wedges_002,F,Shoes,,/Script/Engine.SkeletalMesh'/Game/Customizing/Character_New/Clothes_Re/Female/Outer/F_Jacket_001/Skinning/F_Jacket_001.F_Jacket_001',/Script/Engine.Texture2D'/Game/Customizing/Character_New/Clothes_Re/Female/Outer/F_Jacket_001/T_F_Jacket_001_B.T_F_Jacket_001_B',,0.25
F_Heels_001,F,Shoes,,/Script/Engine.SkeletalMesh'/Game/Customizing/Character_New/Clothes_Re/Female/Outer/F_Jacket_001/Skinning/F_Jacket_001.F_Jacket_001',/Script/Engine.Texture2D'/Game/Customizing/Character_New/Clothes_Re/Female/Outer/F_Jacket_001/T_F_Jacket_001_B.T_F_Jacket_001_B',,0.25
F_Heels_002,F,Shoes,,/Script/Engine.SkeletalMesh'/Game/Customizing/Character_New/Clothes_Re/Female/Outer/F_Jacket_001/Skinning/F_Jacket_001.F_Jacket_001',/Script/Engine.Texture2D'/Game/Customizing/Character_New/Clothes_Re/Female/Outer/F_Jacket_001/T_F_Jacket_001_B.T_F_Jacket_001_B',,0.25
F_Heels_003,F,Shoes,,/Script/Engine.SkeletalMesh'/Game/Customizing/Character_New/Clothes_Re/Female/Outer/F_Jacket_001/Skinning/F_Jacket_001.F_Jacket_001',/Script/Engine.Texture2D'/Game/Customizing/Character_New/Clothes_Re/Female/Outer/F_Jacket_001/T_F_Jacket_001_B.T_F_Jacket_001_B',,0.25
F_Halfsocks_001,F,Acc,,/Script/Engine.SkeletalMesh'/Game/Customizing/Character_New/Clothes_Re/Female/Outer/F_Jacket_001/Skinning/F_Jacket_001.F_Jacket_001',/Script/Engine.Texture2D'/Game/Customizing/Character_New/Clothes_Re/Female/Outer/F_Jacket_001/T_F_Jacket_001_B.T_F_Jacket_001_B',,0.25
F_Halfsocks_002,F,Acc,,/Script/Engine.SkeletalMesh'/Game/Customizing/Character_New/Clothes_Re/Female/Outer/F_Jacket_001/Skinning/F_Jacket_001.F_Jacket_001',/Script/Engine.Texture2D'/Game/Customizing/Character_New/Clothes_Re/Female/Outer/F_Jacket_001/T_F_Jacket_001_B.T_F_Jacket_001_B',,0.25
F_Watch_001,F,Acc,,/Script/Engine.SkeletalMesh'/Game/Customizing/Character_New/Clothes_Re/Female/Outer/F_Jacket_001/Skinning/F_Jacket_001.F_Jacket_001',/Script/Engine.Texture2D'/Game/Customizing/Character_New/Clothes_Re/Female/Outer/F_Jacket_001/T_F_Jacket_001_B.T_F_Jacket_001_B',,0.25
M_Watch_001,M,Acc,,/Script/Engine.SkeletalMesh'/Game/Customizing/Character_New/Clothes_Re/Female/Outer/F_Jacket_001/Skinning/F_Jacket_001.F_Jacket_001',/Script/Engine.Texture2D'/Game/Customizing/Character_New/Clothes_Re/Female/Outer/F_Jacket_001/T_F_Jacket_001_B.T_F_Jacket_001_B',,0.25
F_Watch_002,F,Acc,,/Script/Engine.SkeletalMesh'/Game/Customizing/Character_New/Clothes_Re/Female/Outer/F_Jacket_001/Skinning/F_Jacket_001.F_Jacket_001',/Script/Engine.Texture2D'/Game/Customizing/Character_New/Clothes_Re/Female/Outer/F_Jacket_001/T_F_Jacket_001_B.T_F_Jacket_001_B',,0.25
F_Watch_003,F,Acc,,/Script/Engine.SkeletalMesh'/Game/Customizing/Character_New/Clothes_Re/Female/Outer/F_Jacket_001/Skinning/F_Jacket_001.F_Jacket_001',/Script/Engine.Texture2D'/Game/Customizing/Character_New/Clothes_Re/Female/Outer/F_Jacket_001/T_F_Jacket_001_B.T_F_Jacket_001_B',,0.25
M_Watch_002,M,Acc,,/Script/Engine.SkeletalMesh'/Game/Customizing/Character_New/Clothes_Re/Female/Outer/F_Jacket_001/Skinning/F_Jacket_001.F_Jacket_001',/Script/Engine.Texture2D'/Game/Customizing/Character_New/Clothes_Re/Female/Outer/F_Jacket_001/T_F_Jacket_001_B.T_F_Jacket_001_B',,0.25
F_Watch_004,F,Acc,,/Script/Engine.SkeletalMesh'/Game/Customizing/Character_New/Clothes_Re/Female/Outer/F_Jacket_001/Skinning/F_Jacket_001.F_Jacket_001',/Script/Engine.Texture2D'/Game/Customizing/Character_New/Clothes_Re/Female/Outer/F_Jacket_001/T_F_Jacket_001_B.T_F_Jacket_001_B',,0.25
M_Watch_003,M,Acc,,/Script/Engine.SkeletalMesh'/Game/Customizing/Character_New/Clothes_Re/Female/Outer/F_Jacket_001/Skinning/F_Jacket_001.F_Jacket_001',/Script/Engine.Texture2D'/Game/Customizing/Character_New/Clothes_Re/Female/Outer/F_Jacket_001/T_F_Jacket_001_B.T_F_Jacket_001_B',,0.25
F_Cardigan_002,F,Outer,,/Script/Engine.SkeletalMesh'/Game/Customizing/Character_New/Clothes_Re/Female/Outer/F_Jacket_001/Skinning/F_Jacket_001.F_Jacket_001',/Script/Engine.Texture2D'/Game/Customizing/Character_New/Clothes_Re/Female/Outer/F_Jacket_001/T_F_Jacket_001_B.T_F_Jacket_001_B',,0.25
F_Tshirt_006,F,Upper,,/Script/Engine.SkeletalMesh'/Game/Customizing/Character_New/Clothes_Re/Female/Outer/F_Jacket_001/Skinning/F_Jacket_001.F_Jacket_001',/Script/Engine.Texture2D'/Game/Customizing/Character_New/Clothes_Re/Female/Outer/F_Jacket_001/T_F_Jacket_001_B.T_F_Jacket_001_B',,0.25
F_Cardigan_003,F,Outer,F_Tanktop_006,/Script/Engine.SkeletalMesh'/Game/Customizing/Character_New/Clothes_Re/Female/Outer/F_Jacket_001/Skinning/F_Jacket_001.F_Jacket_001',/Script/Engine.Texture2D'/Game/Customizing/Character_New/Clothes_Re/Female/Outer/F_Jacket_001/T_F_Jacket_001_B.T_F_Jacket_001_B',,0.25
F_Tanktop_006,F,Upper,,/Script/Engine.SkeletalMesh'/Game/Customizing/Character_New/Clothes_Re/Female/Outer/F_Jacket_001/Skinning/F_Jacket_001.F_Jacket_001',/Script/Engine.Texture2D'/Game/Customizing/Character_New/Clothes_Re/Female/Outer/F_Jacket_001/T_F_Jacket_001_B.T_F_Jacket_001_B',,0.25
F_Dress_003,F,Ops,,/Script/Engine.SkeletalMesh'/Game/Customizing/Character_New/Clothes_Re/Female/Outer/F_Jacket_001/Skinning/F_Jacket_001.F_Jacket_001',/Script/Engine.Texture2D'/Game/Customizing/Character_New/Clothes_Re/Female/Outer/F_Jacket_001/T_F_Jacket_001_B.T_F_Jacket_001_B',,0.25
F_Dress_004,F,Ops,,/Script/Engine.SkeletalMesh'/Game/Customizing/Character_New/Clothes_Re/Female/Outer/F_Jacket_001/Skinning/F_Jacket_001.F_Jacket_001',/Script/Engine.Texture2D'/Game/Customizing/Character_New/Clothes_Re/Female/Outer/F_Jacket_001/T_F_Jacket_001_B.T_F_Jacket_001_B',,0.25
F_Necklace_002,F,Acc,,/Script/Engine.SkeletalMesh'/Game/Customizing/Character_New/Clothes_Re/Female/Outer/F_Jacket_001/Skinning/F_Jacket_001.F_Jacket_001',/Script/Engine.Texture2D'/Game/Customizing/Character_New/Clothes_Re/Female/Outer/F_Jacket_001/T_F_Jacket_001_B.T_F_Jacket_001_B',,0.25
M_Necklace_002,M,Acc,,/Script/Engine.SkeletalMesh'/Game/Customizing/Character_New/Clothes_Re/Female/Outer/F_Jacket_001/Skinning/F_Jacket_001.F_Jacket_001',/Script/Engine.Texture2D'/Game/Customizing/Character_New/Clothes_Re/Female/Outer/F_Jacket_001/T_F_Jacket_001_B.T_F_Jacket_001_B',,0.25
F_Necklace_003,F,Acc,,/Script/Engine.SkeletalMesh'/Game/Customizing/Character_New/Clothes_Re/Female/Outer/F_Jacket_001/Skinning/F_Jacket_001.F_Jacket_001',/Script/Engine.Texture2D'/Game/Customizing/Character_New/Clothes_Re/Female/Outer/F_Jacket_001/T_F_Jacket_001_B.T_F_Jacket_001_B',,0.25
M_Necklace_003,M,Acc,,/Script/Engine.SkeletalMesh'/Game/Customizing/Character_New/Clothes_Re/Female/Outer/F_Jacket_001/Skinning/F_Jacket_001.F_Jacket_001',/Script/Engine.Texture2D'/Game/Customizing/Character_New/Clothes_Re/Female/Outer/F_Jacket_001/T_F_Jacket_001_B.T_F_Jacket_001_B',,0.25
F_Necklace_004,F,Acc,,/Script/Engine.SkeletalMesh'/Game/Customizing/Character_New/Clothes_Re/Female/Outer/F_Jacket_001/Skinning/F_Jacket_001.F_Jacket_001',/Script/Engine.Texture2D'/Game/Customizing/Character_New/Clothes_Re/Female/Outer/F_Jacket_001/T_F_Jacket_001_B.T_F_Jacket_001_B',,0.25
M_Necklace_004,M,Acc,,/Script/Engine.SkeletalMesh'/Game/Customizing/Character_New/Clothes_Re/Female/Outer/F_Jacket_001/Skinning/F_Jacket_001.F_Jacket_001',/Script/Engine.Texture2D'/Game/Customizing/Character_New/Clothes_Re/Female/Outer/F_Jacket_001/T_F_Jacket_001_B.T_F_Jacket_001_B',,0.25
F_Jacket_009,F,Outer,F_Sweatshirt_002,/Script/Engine.SkeletalMesh'/Game/Customizing/Character_New/Clothes_Re/Female/Outer/F_Jacket_001/Skinning/F_Jacket_001.F_Jacket_001',/Script/Engine.Texture2D'/Game/Customizing/Character_New/Clothes_Re/Female/Outer/F_Jacket_001/T_F_Jacket_001_B.T_F_Jacket_001_B',,0.25
F_Glasses_004,F,Acc,,/Script/Engine.SkeletalMesh'/Game/Customizing/Character_New/Clothes_Re/Female/Outer/F_Jacket_001/Skinning/F_Jacket_001.F_Jacket_001',/Script/Engine.Texture2D'/Game/Customizing/Character_New/Clothes_Re/Female/Outer/F_Jacket_001/T_F_Jacket_001_B.T_F_Jacket_001_B',,0.25
M_Glasses_004,M,Acc,,/Script/Engine.SkeletalMesh'/Game/Customizing/Character_New/Clothes_Re/Female/Outer/F_Jacket_001/Skinning/F_Jacket_001.F_Jacket_001',/Script/Engine.Texture2D'/Game/Customizing/Character_New/Clothes_Re/Female/Outer/F_Jacket_001/T_F_Jacket_001_B.T_F_Jacket_001_B',,0.25
M_Jumper_001,M,Outer,M_Tshirt_001,/Script/Engine.SkeletalMesh'/Game/Customizing/Character_New/Clothes_Re/Female/Outer/F_Jacket_001/Skinning/F_Jacket_001.F_Jacket_001',/Script/Engine.Texture2D'/Game/Customizing/Character_New/Clothes_Re/Female/Outer/F_Jacket_001/T_F_Jacket_001_B.T_F_Jacket_001_B',,0.25
M_Tshirt_001,M,Upper,,/Script/Engine.SkeletalMesh'/Game/Customizing/Character_New/Clothes_Re/Female/Outer/F_Jacket_001/Skinning/F_Jacket_001.F_Jacket_001',/Script/Engine.Texture2D'/Game/Customizing/Character_New/Clothes_Re/Female/Outer/F_Jacket_001/T_F_Jacket_001_B.T_F_Jacket_001_B',,0.25
M_Pants_001,M,Lower,,/Script/Engine.SkeletalMesh'/Game/Customizing/Character_New/Clothes_Re/Female/Outer/F_Jacket_001/Skinning/F_Jacket_001.F_Jacket_001',/Script/Engine.Texture2D'/Game/Customizing/Character_New/Clothes_Re/Female/Outer/F_Jacket_001/T_F_Jacket_001_B.T_F_Jacket_001_B',,0.25
M_Pants_002,M,Lower,,/Script/Engine.SkeletalMesh'/Game/Customizing/Character_New/Clothes_Re/Female/Outer/F_Jacket_001/Skinning/F_Jacket_001.F_Jacket_001',/Script/Engine.Texture2D'/Game/Customizing/Character_New/Clothes_Re/Female/Outer/F_Jacket_001/T_F_Jacket_001_B.T_F_Jacket_001_B',,0.25
M_Pants_003,M,Lower,,/Script/Engine.SkeletalMesh'/Game/Customizing/Character_New/Clothes_Re/Female/Outer/F_Jacket_001/Skinning/F_Jacket_001.F_Jacket_001',/Script/Engine.Texture2D'/Game/Customizing/Character_New/Clothes_Re/Female/Outer/F_Jacket_001/T_F_Jacket_001_B.T_F_Jacket_001_B',,0.25
M_Pants_004,M,Lower,,/Script/Engine.SkeletalMesh'/Game/Customizing/Character_New/Clothes_Re/Female/Outer/F_Jacket_001/Skinning/F_Jacket_001.F_Jacket_001',/Script/Engine.Texture2D'/Game/Customizing/Character_New/Clothes_Re/Female/Outer/F_Jacket_001/T_F_Jacket_001_B.T_F_Jacket_001_B',,0.25
M_Pants_005,M,Lower,,/Script/Engine.SkeletalMesh'/Game/Customizing/Character_New/Clothes_Re/Female/Outer/F_Jacket_001/Skinning/F_Jacket_001.F_Jacket_001',/Script/Engine.Texture2D'/Game/Customizing/Character_New/Clothes_Re/Female/Outer/F_Jacket_001/T_F_Jacket_001_B.T_F_Jacket_001_B',,0.25
M_Shorts_001,M,Lower,,/Script/Engine.SkeletalMesh'/Game/Customizing/Character_New/Clothes_Re/Female/Outer/F_Jacket_001/Skinning/F_Jacket_001.F_Jacket_001',/Script/Engine.Texture2D'/Game/Customizing/Character_New/Clothes_Re/Female/Outer/F_Jacket_001/T_F_Jacket_001_B.T_F_Jacket_001_B',,0.25
M_Shorts_002,M,Lower,,/Script/Engine.SkeletalMesh'/Game/Customizing/Character_New/Clothes_Re/Female/Outer/F_Jacket_001/Skinning/F_Jacket_001.F_Jacket_001',/Script/Engine.Texture2D'/Game/Customizing/Character_New/Clothes_Re/Female/Outer/F_Jacket_001/T_F_Jacket_001_B.T_F_Jacket_001_B',,0.25
M_Shorts_003,M,Lower,,/Script/Engine.SkeletalMesh'/Game/Customizing/Character_New/Clothes_Re/Female/Outer/F_Jacket_001/Skinning/F_Jacket_001.F_Jacket_001',/Script/Engine.Texture2D'/Game/Customizing/Character_New/Clothes_Re/Female/Outer/F_Jacket_001/T_F_Jacket_001_B.T_F_Jacket_001_B',,0.25
M_Underpants_001,M,Lower,,/Script/Engine.SkeletalMesh'/Game/Customizing/Character_New/Clothes_Re/Female/Outer/F_Jacket_001/Skinning/F_Jacket_001.F_Jacket_001',/Script/Engine.Texture2D'/Game/Customizing/Character_New/Clothes_Re/Female/Outer/F_Jacket_001/T_F_Jacket_001_B.T_F_Jacket_001_B',,0.25
M_Underpants_002,M,Lower,,/Script/Engine.SkeletalMesh'/Game/Customizing/Character_New/Clothes_Re/Female/Outer/F_Jacket_001/Skinning/F_Jacket_001.F_Jacket_001',/Script/Engine.Texture2D'/Game/Customizing/Character_New/Clothes_Re/Female/Outer/F_Jacket_001/T_F_Jacket_001_B.T_F_Jacket_001_B',,0.25
M_Swimsuit_001,M,Lower,,/Script/Engine.SkeletalMesh'/Game/Customizing/Character_New/Clothes_Re/Female/Outer/F_Jacket_001/Skinning/F_Jacket_001.F_Jacket_001',/Script/Engine.Texture2D'/Game/Customizing/Character_New/Clothes_Re/Female/Outer/F_Jacket_001/T_F_Jacket_001_B.T_F_Jacket_001_B',,0.25
M_Swimsuit_002,M,Lower,,/Script/Engine.SkeletalMesh'/Game/Customizing/Character_New/Clothes_Re/Female/Outer/F_Jacket_001/Skinning/F_Jacket_001.F_Jacket_001',/Script/Engine.Texture2D'/Game/Customizing/Character_New/Clothes_Re/Female/Outer/F_Jacket_001/T_F_Jacket_001_B.T_F_Jacket_001_B',,0.25
M_Suit_002,M,Set,,/Script/Engine.SkeletalMesh'/Game/Customizing/Character_New/Clothes_Re/Female/Outer/F_Jacket_001/Skinning/F_Jacket_001.F_Jacket_001',/Script/Engine.Texture2D'/Game/Customizing/Character_New/Clothes_Re/Female/Outer/F_Jacket_001/T_F_Jacket_001_B.T_F_Jacket_001_B',,0.25
M_Jacket_003,M,Outer,,/Script/Engine.SkeletalMesh'/Game/Customizing/Character_New/Clothes_Re/Female/Outer/F_Jacket_001/Skinning/F_Jacket_001.F_Jacket_001',/Script/Engine.Texture2D'/Game/Customizing/Character_New/Clothes_Re/Female/Outer/F_Jacket_001/T_F_Jacket_001_B.T_F_Jacket_001_B',,0.25
M_Cardigan_001,M,Outer,M_Tshirt_005,/Script/Engine.SkeletalMesh'/Game/Customizing/Character_New/Clothes_Re/Female/Outer/F_Jacket_001/Skinning/F_Jacket_001.F_Jacket_001',/Script/Engine.Texture2D'/Game/Customizing/Character_New/Clothes_Re/Female/Outer/F_Jacket_001/T_F_Jacket_001_B.T_F_Jacket_001_B',,0.25
M_Blazer_001,M,Outer,M_Sweatshirt_001,/Script/Engine.SkeletalMesh'/Game/Customizing/Character_New/Clothes_Re/Female/Outer/F_Jacket_001/Skinning/F_Jacket_001.F_Jacket_001',/Script/Engine.Texture2D'/Game/Customizing/Character_New/Clothes_Re/Female/Outer/F_Jacket_001/T_F_Jacket_001_B.T_F_Jacket_001_B',,0.25
M_Poloshirt_001,M,Upper,,/Script/Engine.SkeletalMesh'/Game/Customizing/Character_New/Clothes_Re/Female/Outer/F_Jacket_001/Skinning/F_Jacket_001.F_Jacket_001',/Script/Engine.Texture2D'/Game/Customizing/Character_New/Clothes_Re/Female/Outer/F_Jacket_001/T_F_Jacket_001_B.T_F_Jacket_001_B',,0.25
M_Sweater_003,M,Upper,,/Script/Engine.SkeletalMesh'/Game/Customizing/Character_New/Clothes_Re/Female/Outer/F_Jacket_001/Skinning/F_Jacket_001.F_Jacket_001',/Script/Engine.Texture2D'/Game/Customizing/Character_New/Clothes_Re/Female/Outer/F_Jacket_001/T_F_Jacket_001_B.T_F_Jacket_001_B',,0.25
M_Sweater_004,M,Upper,,/Script/Engine.SkeletalMesh'/Game/Customizing/Character_New/Clothes_Re/Female/Outer/F_Jacket_001/Skinning/F_Jacket_001.F_Jacket_001',/Script/Engine.Texture2D'/Game/Customizing/Character_New/Clothes_Re/Female/Outer/F_Jacket_001/T_F_Jacket_001_B.T_F_Jacket_001_B',,0.25
M_Sweatshirt_001,M,Upper,,/Script/Engine.SkeletalMesh'/Game/Customizing/Character_New/Clothes_Re/Female/Outer/F_Jacket_001/Skinning/F_Jacket_001.F_Jacket_001',/Script/Engine.Texture2D'/Game/Customizing/Character_New/Clothes_Re/Female/Outer/F_Jacket_001/T_F_Jacket_001_B.T_F_Jacket_001_B',,0.25
M_Sweatshirt_002,M,Upper,,/Script/Engine.SkeletalMesh'/Game/Customizing/Character_New/Clothes_Re/Female/Outer/F_Jacket_001/Skinning/F_Jacket_001.F_Jacket_001',/Script/Engine.Texture2D'/Game/Customizing/Character_New/Clothes_Re/Female/Outer/F_Jacket_001/T_F_Jacket_001_B.T_F_Jacket_001_B',,0.25
M_Tanktop_001,M,Upper,,/Script/Engine.SkeletalMesh'/Game/Customizing/Character_New/Clothes_Re/Female/Outer/F_Jacket_001/Skinning/F_Jacket_001.F_Jacket_001',/Script/Engine.Texture2D'/Game/Customizing/Character_New/Clothes_Re/Female/Outer/F_Jacket_001/T_F_Jacket_001_B.T_F_Jacket_001_B',,0.25
M_Tshirt_002,M,Upper,,/Script/Engine.SkeletalMesh'/Game/Customizing/Character_New/Clothes_Re/Female/Outer/F_Jacket_001/Skinning/F_Jacket_001.F_Jacket_001',/Script/Engine.Texture2D'/Game/Customizing/Character_New/Clothes_Re/Female/Outer/F_Jacket_001/T_F_Jacket_001_B.T_F_Jacket_001_B',,0.25
M_Tshirt_003,M,Upper,,/Script/Engine.SkeletalMesh'/Game/Customizing/Character_New/Clothes_Re/Female/Outer/F_Jacket_001/Skinning/F_Jacket_001.F_Jacket_001',/Script/Engine.Texture2D'/Game/Customizing/Character_New/Clothes_Re/Female/Outer/F_Jacket_001/T_F_Jacket_001_B.T_F_Jacket_001_B',,0.25
M_Tshirt_005,M,Upper,,/Script/Engine.SkeletalMesh'/Game/Customizing/Character_New/Clothes_Re/Female/Outer/F_Jacket_001/Skinning/F_Jacket_001.F_Jacket_001',/Script/Engine.Texture2D'/Game/Customizing/Character_New/Clothes_Re/Female/Outer/F_Jacket_001/T_F_Jacket_001_B.T_F_Jacket_001_B',,0.25
M_Coat_001,M,Outer,M_Poloshirt_001,/Script/Engine.SkeletalMesh'/Game/Customizing/Character_New/Clothes_Re/Female/Outer/F_Jacket_001/Skinning/F_Jacket_001.F_Jacket_001',/Script/Engine.Texture2D'/Game/Customizing/Character_New/Clothes_Re/Female/Outer/F_Jacket_001/T_F_Jacket_001_B.T_F_Jacket_001_B',,0.25
M_Boots_001,M,Shoes,,/Script/Engine.SkeletalMesh'/Game/Customizing/Character_New/Clothes_Re/Female/Outer/F_Jacket_001/Skinning/F_Jacket_001.F_Jacket_001',/Script/Engine.Texture2D'/Game/Customizing/Character_New/Clothes_Re/Female/Outer/F_Jacket_001/T_F_Jacket_001_B.T_F_Jacket_001_B',,0.25
M_Boots_002,M,Shoes,,/Script/Engine.SkeletalMesh'/Game/Customizing/Character_New/Clothes_Re/Female/Outer/F_Jacket_001/Skinning/F_Jacket_001.F_Jacket_001',/Script/Engine.Texture2D'/Game/Customizing/Character_New/Clothes_Re/Female/Outer/F_Jacket_001/T_F_Jacket_001_B.T_F_Jacket_001_B',,0.25
M_Loafers_001,M,Shoes,,/Script/Engine.SkeletalMesh'/Game/Customizing/Character_New/Clothes_Re/Female/Outer/F_Jacket_001/Skinning/F_Jacket_001.F_Jacket_001',/Script/Engine.Texture2D'/Game/Customizing/Character_New/Clothes_Re/Female/Outer/F_Jacket_001/T_F_Jacket_001_B.T_F_Jacket_001_B',,0.25
M_Loafers_002,M,Shoes,,/Script/Engine.SkeletalMesh'/Game/Customizing/Character_New/Clothes_Re/Female/Outer/F_Jacket_001/Skinning/F_Jacket_001.F_Jacket_001',/Script/Engine.Texture2D'/Game/Customizing/Character_New/Clothes_Re/Female/Outer/F_Jacket_001/T_F_Jacket_001_B.T_F_Jacket_001_B',,0.25
M_Loafers_003,M,Shoes,,/Script/Engine.SkeletalMesh'/Game/Customizing/Character_New/Clothes_Re/Female/Outer/F_Jacket_001/Skinning/F_Jacket_001.F_Jacket_001',/Script/Engine.Texture2D'/Game/Customizing/Character_New/Clothes_Re/Female/Outer/F_Jacket_001/T_F_Jacket_001_B.T_F_Jacket_001_B',,0.25
M_Loafers_004,M,Shoes,,/Script/Engine.SkeletalMesh'/Game/Customizing/Character_New/Clothes_Re/Female/Outer/F_Jacket_001/Skinning/F_Jacket_001.F_Jacket_001',/Script/Engine.Texture2D'/Game/Customizing/Character_New/Clothes_Re/Female/Outer/F_Jacket_001/T_F_Jacket_001_B.T_F_Jacket_001_B',,0.25
M_Loafers_005,M,Shoes,,/Script/Engine.SkeletalMesh'/Game/Customizing/Character_New/Clothes_Re/Female/Outer/F_Jacket_001/Skinning/F_Jacket_001.F_Jacket_001',/Script/Engine.Texture2D'/Game/Customizing/Character_New/Clothes_Re/Female/Outer/F_Jacket_001/T_F_Jacket_001_B.T_F_Jacket_001_B',,0.25
M_Loafers_006,M,Shoes,,/Script/Engine.SkeletalMesh'/Game/Customizing/Character_New/Clothes_Re/Female/Outer/F_Jacket_001/Skinning/F_Jacket_001.F_Jacket_001',/Script/Engine.Texture2D'/Game/Customizing/Character_New/Clothes_Re/Female/Outer/F_Jacket_001/T_F_Jacket_001_B.T_F_Jacket_001_B',,0.25
M_Loafers_007,M,Shoes,,/Script/Engine.SkeletalMesh'/Game/Customizing/Character_New/Clothes_Re/Female/Outer/F_Jacket_001/Skinning/F_Jacket_001.F_Jacket_001',/Script/Engine.Texture2D'/Game/Customizing/Character_New/Clothes_Re/Female/Outer/F_Jacket_001/T_F_Jacket_001_B.T_F_Jacket_001_B',,0.25
M_Sandals_001,M,Shoes,,/Script/Engine.SkeletalMesh'/Game/Customizing/Character_New/Clothes_Re/Female/Outer/F_Jacket_001/Skinning/F_Jacket_001.F_Jacket_001',/Script/Engine.Texture2D'/Game/Customizing/Character_New/Clothes_Re/Female/Outer/F_Jacket_001/T_F_Jacket_001_B.T_F_Jacket_001_B',,0.25
M_Sandals_003,M,Shoes,,/Script/Engine.SkeletalMesh'/Game/Customizing/Character_New/Clothes_Re/Female/Outer/F_Jacket_001/Skinning/F_Jacket_001.F_Jacket_001',/Script/Engine.Texture2D'/Game/Customizing/Character_New/Clothes_Re/Female/Outer/F_Jacket_001/T_F_Jacket_001_B.T_F_Jacket_001_B',,0.25
M_Slippers_001,M,Shoes,,/Script/Engine.SkeletalMesh'/Game/Customizing/Character_New/Clothes_Re/Female/Outer/F_Jacket_001/Skinning/F_Jacket_001.F_Jacket_001',/Script/Engine.Texture2D'/Game/Customizing/Character_New/Clothes_Re/Female/Outer/F_Jacket_001/T_F_Jacket_001_B.T_F_Jacket_001_B',,0.25
M_Slippers_002,M,Shoes,,/Script/Engine.SkeletalMesh'/Game/Customizing/Character_New/Clothes_Re/Female/Outer/F_Jacket_001/Skinning/F_Jacket_001.F_Jacket_001',/Script/Engine.Texture2D'/Game/Customizing/Character_New/Clothes_Re/Female/Outer/F_Jacket_001/T_F_Jacket_001_B.T_F_Jacket_001_B',,0.25
M_Slippers_003,M,Shoes,,/Script/Engine.SkeletalMesh'/Game/Customizing/Character_New/Clothes_Re/Female/Outer/F_Jacket_001/Skinning/F_Jacket_001.F_Jacket_001',/Script/Engine.Texture2D'/Game/Customizing/Character_New/Clothes_Re/Female/Outer/F_Jacket_001/T_F_Jacket_001_B.T_F_Jacket_001_B',,0.25
M_Slippers_004,M,Shoes,,/Script/Engine.SkeletalMesh'/Game/Customizing/Character_New/Clothes_Re/Female/Outer/F_Jacket_001/Skinning/F_Jacket_001.F_Jacket_001',/Script/Engine.Texture2D'/Game/Customizing/Character_New/Clothes_Re/Female/Outer/F_Jacket_001/T_F_Jacket_001_B.T_F_Jacket_001_B',,0.25
M_Sneakers_002,M,Shoes,,/Script/Engine.SkeletalMesh'/Game/Customizing/Character_New/Clothes_Re/Female/Outer/F_Jacket_001/Skinning/F_Jacket_001.F_Jacket_001',/Script/Engine.Texture2D'/Game/Customizing/Character_New/Clothes_Re/Female/Outer/F_Jacket_001/T_F_Jacket_001_B.T_F_Jacket_001_B',,0.25
M_Sneakers_003,M,Shoes,,/Script/Engine.SkeletalMesh'/Game/Customizing/Character_New/Clothes_Re/Female/Outer/F_Jacket_001/Skinning/F_Jacket_001.F_Jacket_001',/Script/Engine.Texture2D'/Game/Customizing/Character_New/Clothes_Re/Female/Outer/F_Jacket_001/T_F_Jacket_001_B.T_F_Jacket_001_B',,0.25
M_Sneakers_004,M,Shoes,,/Script/Engine.SkeletalMesh'/Game/Customizing/Character_New/Clothes_Re/Female/Outer/F_Jacket_001/Skinning/F_Jacket_001.F_Jacket_001',/Script/Engine.Texture2D'/Game/Customizing/Character_New/Clothes_Re/Female/Outer/F_Jacket_001/T_F_Jacket_001_B.T_F_Jacket_001_B',,0.25
M_Sneakers_005,M,Shoes,,/Script/Engine.SkeletalMesh'/Game/Customizing/Character_New/Clothes_Re/Female/Outer/F_Jacket_001/Skinning/F_Jacket_001.F_Jacket_001',/Script/Engine.Texture2D'/Game/Customizing/Character_New/Clothes_Re/Female/Outer/F_Jacket_001/T_F_Jacket_001_B.T_F_Jacket_001_B',,0.25
M_Sneakers_006,M,Shoes,,/Script/Engine.SkeletalMesh'/Game/Customizing/Character_New/Clothes_Re/Female/Outer/F_Jacket_001/Skinning/F_Jacket_001.F_Jacket_001',/Script/Engine.Texture2D'/Game/Customizing/Character_New/Clothes_Re/Female/Outer/F_Jacket_001/T_F_Jacket_001_B.T_F_Jacket_001_B',,0.25
M_Sneakers_007,M,Shoes,,/Script/Engine.SkeletalMesh'/Game/Customizing/Character_New/Clothes_Re/Female/Outer/F_Jacket_001/Skinning/F_Jacket_001.F_Jacket_001',/Script/Engine.Texture2D'/Game/Customizing/Character_New/Clothes_Re/Female/Outer/F_Jacket_001/T_F_Jacket_001_B.T_F_Jacket_001_B',,0.25
M_Sneakers_008,M,Shoes,,/Script/Engine.SkeletalMesh'/Game/Customizing/Character_New/Clothes_Re/Female/Outer/F_Jacket_001/Skinning/F_Jacket_001.F_Jacket_001',/Script/Engine.Texture2D'/Game/Customizing/Character_New/Clothes_Re/Female/Outer/F_Jacket_001/T_F_Jacket_001_B.T_F_Jacket_001_B',,0.25
M_Sneakers_009,M,Shoes,,/Script/Engine.SkeletalMesh'/Game/Customizing/Character_New/Clothes_Re/Female/Outer/F_Jacket_001/Skinning/F_Jacket_001.F_Jacket_001',/Script/Engine.Texture2D'/Game/Customizing/Character_New/Clothes_Re/Female/Outer/F_Jacket_001/T_F_Jacket_001_B.T_F_Jacket_001_B',,0.25
M_Sneakers_010,M,Shoes,,/Script/Engine.SkeletalMesh'/Game/Customizing/Character_New/Clothes_Re/Female/Outer/F_Jacket_001/Skinning/F_Jacket_001.F_Jacket_001',/Script/Engine.Texture2D'/Game/Customizing/Character_New/Clothes_Re/Female/Outer/F_Jacket_001/T_F_Jacket_001_B.T_F_Jacket_001_B',,0.25
M_Sneakers_011,M,Shoes,,/Script/Engine.SkeletalMesh'/Game/Customizing/Character_New/Clothes_Re/Female/Outer/F_Jacket_001/Skinning/F_Jacket_001.F_Jacket_001',/Script/Engine.Texture2D'/Game/Customizing/Character_New/Clothes_Re/Female/Outer/F_Jacket_001/T_F_Jacket_001_B.T_F_Jacket_001_B',,0.25
M_Sneakers_012,M,Shoes,,/Script/Engine.SkeletalMesh'/Game/Customizing/Character_New/Clothes_Re/Female/Outer/F_Jacket_001/Skinning/F_Jacket_001.F_Jacket_001',/Script/Engine.Texture2D'/Game/Customizing/Character_New/Clothes_Re/Female/Outer/F_Jacket_001/T_F_Jacket_001_B.T_F_Jacket_001_B',,0.25
M_Sneakers_013,M,Shoes,,/Script/Engine.SkeletalMesh'/Game/Customizing/Character_New/Clothes_Re/Female/Outer/F_Jacket_001/Skinning/F_Jacket_001.F_Jacket_001',/Script/Engine.Texture2D'/Game/Customizing/Character_New/Clothes_Re/Female/Outer/F_Jacket_001/T_F_Jacket_001_B.T_F_Jacket_001_B',,0.25
M_Sneakers_014,M,Shoes,,/Script/Engine.SkeletalMesh'/Game/Customizing/Character_New/Clothes_Re/Female/Outer/F_Jacket_001/Skinning/F_Jacket_001.F_Jacket_001',/Script/Engine.Texture2D'/Game/Customizing/Character_New/Clothes_Re/Female/Outer/F_Jacket_001/T_F_Jacket_001_B.T_F_Jacket_001_B',,0.25
M_Sneakers_015,M,Shoes,,/Script/Engine.SkeletalMesh'/Game/Customizing/Character_New/Clothes_Re/Female/Outer/F_Jacket_001/Skinning/F_Jacket_001.F_Jacket_001',/Script/Engine.Texture2D'/Game/Customizing/Character_New/Clothes_Re/Female/Outer/F_Jacket_001/T_F_Jacket_001_B.T_F_Jacket_001_B',,0.25
F_Glasses_002,F,Acc,,/Script/Engine.SkeletalMesh'/Game/Customizing/Character_New/Clothes_Re/Female/Outer/F_Jacket_001/Skinning/F_Jacket_001.F_Jacket_001',/Script/Engine.Texture2D'/Game/Customizing/Character_New/Clothes_Re/Female/Outer/F_Jacket_001/T_F_Jacket_001_B.T_F_Jacket_001_B',,0.25
M_Glasses_002,M,Acc,,/Script/Engine.SkeletalMesh'/Game/Customizing/Character_New/Clothes_Re/Female/Outer/F_Jacket_001/Skinning/F_Jacket_001.F_Jacket_001',/Script/Engine.Texture2D'/Game/Customizing/Character_New/Clothes_Re/Female/Outer/F_Jacket_001/T_F_Jacket_001_B.T_F_Jacket_001_B',,0.25
M_Jacket_004,M,Outer,M_Tshirt_001,/Script/Engine.SkeletalMesh'/Game/Customizing/Character_New/Clothes_Re/Female/Outer/F_Jacket_001/Skinning/F_Jacket_001.F_Jacket_001',/Script/Engine.Texture2D'/Game/Customizing/Character_New/Clothes_Re/Female/Outer/F_Jacket_001/T_F_Jacket_001_B.T_F_Jacket_001_B',,0.25
M_Jacket_007,M,Outer,M_Sweatshirt_001,/Script/Engine.SkeletalMesh'/Game/Customizing/Character_New/Clothes_Re/Female/Outer/F_Jacket_001/Skinning/F_Jacket_001.F_Jacket_001',/Script/Engine.Texture2D'/Game/Customizing/Character_New/Clothes_Re/Female/Outer/F_Jacket_001/T_F_Jacket_001_B.T_F_Jacket_001_B',,0.25
F_Ring_001,F,Acc,,/Script/Engine.SkeletalMesh'/Game/Customizing/Character_New/Clothes_Re/Female/Outer/F_Jacket_001/Skinning/F_Jacket_001.F_Jacket_001',/Script/Engine.Texture2D'/Game/Customizing/Character_New/Clothes_Re/Female/Outer/F_Jacket_001/T_F_Jacket_001_B.T_F_Jacket_001_B',,0.25
M_Ring_001,M,Acc,,/Script/Engine.SkeletalMesh'/Game/Customizing/Character_New/Clothes_Re/Female/Outer/F_Jacket_001/Skinning/F_Jacket_001.F_Jacket_001',/Script/Engine.Texture2D'/Game/Customizing/Character_New/Clothes_Re/Female/Outer/F_Jacket_001/T_F_Jacket_001_B.T_F_Jacket_001_B',,0.25
F_Earring_002,F,Acc,,/Script/Engine.SkeletalMesh'/Game/Customizing/Character_New/Clothes_Re/Female/Outer/F_Jacket_001/Skinning/F_Jacket_001.F_Jacket_001',/Script/Engine.Texture2D'/Game/Customizing/Character_New/Clothes_Re/Female/Outer/F_Jacket_001/T_F_Jacket_001_B.T_F_Jacket_001_B',,0.25
M_Robe_001,M,Ops,,/Script/Engine.SkeletalMesh'/Game/Customizing/Character_New/Clothes_Re/Female/Outer/F_Jacket_001/Skinning/F_Jacket_001.F_Jacket_001',/Script/Engine.Texture2D'/Game/Customizing/Character_New/Clothes_Re/Female/Outer/F_Jacket_001/T_F_Jacket_001_B.T_F_Jacket_001_B',,0.25
M_Tshirt_008,M,Upper,,/Script/Engine.SkeletalMesh'/Game/Customizing/Character_New/Clothes_Re/Female/Outer/F_Jacket_001/Skinning/F_Jacket_001.F_Jacket_001',/Script/Engine.Texture2D'/Game/Customizing/Character_New/Clothes_Re/Female/Outer/F_Jacket_001/T_F_Jacket_001_B.T_F_Jacket_001_B',,0.25
M_Pants_006,M,Lower,,/Script/Engine.SkeletalMesh'/Game/Customizing/Character_New/Clothes_Re/Female/Outer/F_Jacket_001/Skinning/F_Jacket_001.F_Jacket_001',/Script/Engine.Texture2D'/Game/Customizing/Character_New/Clothes_Re/Female/Outer/F_Jacket_001/T_F_Jacket_001_B.T_F_Jacket_001_B',,0.25
F_Dress_005,F,Ops,,/Script/Engine.SkeletalMesh'/Game/Customizing/Character_New/Clothes_Re/Female/Outer/F_Jacket_001/Skinning/F_Jacket_001.F_Jacket_001',/Script/Engine.Texture2D'/Game/Customizing/Character_New/Clothes_Re/Female/Outer/F_Jacket_001/T_F_Jacket_001_B.T_F_Jacket_001_B',,0.25
M_Pants_007,M,Lower,,/Script/Engine.SkeletalMesh'/Game/Customizing/Character_New/Clothes_Re/Female/Outer/F_Jacket_001/Skinning/F_Jacket_001.F_Jacket_001',/Script/Engine.Texture2D'/Game/Customizing/Character_New/Clothes_Re/Female/Outer/F_Jacket_001/T_F_Jacket_001_B.T_F_Jacket_001_B',,0.25
M_Pants_008,M,Lower,,/Script/Engine.SkeletalMesh'/Game/Customizing/Character_New/Clothes_Re/Female/Outer/F_Jacket_001/Skinning/F_Jacket_001.F_Jacket_001',/Script/Engine.Texture2D'/Game/Customizing/Character_New/Clothes_Re/Female/Outer/F_Jacket_001/T_F_Jacket_001_B.T_F_Jacket_001_B',,0.25
M_Jumper_002,M,Upper,,/Script/Engine.SkeletalMesh'/Game/Customizing/Character_New/Clothes_Re/Female/Outer/F_Jacket_001/Skinning/F_Jacket_001.F_Jacket_001',/Script/Engine.Texture2D'/Game/Customizing/Character_New/Clothes_Re/Female/Outer/F_Jacket_001/T_F_Jacket_001_B.T_F_Jacket_001_B',,0.25
F_Tanktop_007,F,Upper,,/Script/Engine.SkeletalMesh'/Game/Customizing/Character_New/Clothes_Re/Female/Outer/F_Jacket_001/Skinning/F_Jacket_001.F_Jacket_001',/Script/Engine.Texture2D'/Game/Customizing/Character_New/Clothes_Re/Female/Outer/F_Jacket_001/T_F_Jacket_001_B.T_F_Jacket_001_B',,0.25
F_Tanktop_013,F,Upper,,/Script/Engine.SkeletalMesh'/Game/Customizing/Character_New/Clothes_Re/Female/Outer/F_Jacket_001/Skinning/F_Jacket_001.F_Jacket_001',/Script/Engine.Texture2D'/Game/Customizing/Character_New/Clothes_Re/Female/Outer/F_Jacket_001/T_F_Jacket_001_B.T_F_Jacket_001_B',,0.25
F_Tanktop_016,F,Upper,,/Script/Engine.SkeletalMesh'/Game/Customizing/Character_New/Clothes_Re/Female/Outer/F_Jacket_001/Skinning/F_Jacket_001.F_Jacket_001',/Script/Engine.Texture2D'/Game/Customizing/Character_New/Clothes_Re/Female/Outer/F_Jacket_001/T_F_Jacket_001_B.T_F_Jacket_001_B',,0.25
F_Tanktop_020,F,Upper,,/Script/Engine.SkeletalMesh'/Game/Customizing/Character_New/Clothes_Re/Female/Outer/F_Jacket_001/Skinning/F_Jacket_001.F_Jacket_001',/Script/Engine.Texture2D'/Game/Customizing/Character_New/Clothes_Re/Female/Outer/F_Jacket_001/T_F_Jacket_001_B.T_F_Jacket_001_B',,0.25
F_Tanktop_022,F,Upper,,/Script/Engine.SkeletalMesh'/Game/Customizing/Character_New/Clothes_Re/Female/Outer/F_Jacket_001/Skinning/F_Jacket_001.F_Jacket_001',/Script/Engine.Texture2D'/Game/Customizing/Character_New/Clothes_Re/Female/Outer/F_Jacket_001/T_F_Jacket_001_B.T_F_Jacket_001_B',,0.25
F_Tshirt_008,F,Upper,,/Script/Engine.SkeletalMesh'/Game/Customizing/Character_New/Clothes_Re/Female/Outer/F_Jacket_001/Skinning/F_Jacket_001.F_Jacket_001',/Script/Engine.Texture2D'/Game/Customizing/Character_New/Clothes_Re/Female/Outer/F_Jacket_001/T_F_Jacket_001_B.T_F_Jacket_001_B',,0.25
F_Tshirt_010,F,Upper,,/Script/Engine.SkeletalMesh'/Game/Customizing/Character_New/Clothes_Re/Female/Outer/F_Jacket_001/Skinning/F_Jacket_001.F_Jacket_001',/Script/Engine.Texture2D'/Game/Customizing/Character_New/Clothes_Re/Female/Outer/F_Jacket_001/T_F_Jacket_001_B.T_F_Jacket_001_B',,0.25
F_Tshirt_011,F,Upper,,/Script/Engine.SkeletalMesh'/Game/Customizing/Character_New/Clothes_Re/Female/Outer/F_Jacket_001/Skinning/F_Jacket_001.F_Jacket_001',/Script/Engine.Texture2D'/Game/Customizing/Character_New/Clothes_Re/Female/Outer/F_Jacket_001/T_F_Jacket_001_B.T_F_Jacket_001_B',,0.25
F_Jacket_008,F,Outer,F_Tshirt_014,/Script/Engine.SkeletalMesh'/Game/Customizing/Character_New/Clothes_Re/Female/Outer/F_Jacket_001/Skinning/F_Jacket_001.F_Jacket_001',/Script/Engine.Texture2D'/Game/Customizing/Character_New/Clothes_Re/Female/Outer/F_Jacket_001/T_F_Jacket_001_B.T_F_Jacket_001_B',,0.25
F_Tshirt_014,F,Upper,,/Script/Engine.SkeletalMesh'/Game/Customizing/Character_New/Clothes_Re/Female/Outer/F_Jacket_001/Skinning/F_Jacket_001.F_Jacket_001',/Script/Engine.Texture2D'/Game/Customizing/Character_New/Clothes_Re/Female/Outer/F_Jacket_001/T_F_Jacket_001_B.T_F_Jacket_001_B',,0.25
F_Suit_005,F,Set,,/Script/Engine.SkeletalMesh'/Game/Customizing/Character_New/Clothes_Re/Female/Outer/F_Jacket_001/Skinning/F_Jacket_001.F_Jacket_001',/Script/Engine.Texture2D'/Game/Customizing/Character_New/Clothes_Re/Female/Outer/F_Jacket_001/T_F_Jacket_001_B.T_F_Jacket_001_B',,0.25
F_Dress_006,F,Ops,,/Script/Engine.SkeletalMesh'/Game/Customizing/Character_New/Clothes_Re/Female/Outer/F_Jacket_001/Skinning/F_Jacket_001.F_Jacket_001',/Script/Engine.Texture2D'/Game/Customizing/Character_New/Clothes_Re/Female/Outer/F_Jacket_001/T_F_Jacket_001_B.T_F_Jacket_001_B',,0.25
F_Suit_007,F,Set,F_Dress_007,/Script/Engine.SkeletalMesh'/Game/Customizing/Character_New/Clothes_Re/Female/Outer/F_Jacket_001/Skinning/F_Jacket_001.F_Jacket_001',/Script/Engine.Texture2D'/Game/Customizing/Character_New/Clothes_Re/Female/Outer/F_Jacket_001/T_F_Jacket_001_B.T_F_Jacket_001_B',,0.25
F_Dress_007,F,Ops,,/Script/Engine.SkeletalMesh'/Game/Customizing/Character_New/Clothes_Re/Female/Outer/F_Jacket_001/Skinning/F_Jacket_001.F_Jacket_001',/Script/Engine.Texture2D'/Game/Customizing/Character_New/Clothes_Re/Female/Outer/F_Jacket_001/T_F_Jacket_001_B.T_F_Jacket_001_B',,0.25
F_Suit_010,F,Set,,/Script/Engine.SkeletalMesh'/Game/Customizing/Character_New/Clothes_Re/Female/Outer/F_Jacket_001/Skinning/F_Jacket_001.F_Jacket_001',/Script/Engine.Texture2D'/Game/Customizing/Character_New/Clothes_Re/Female/Outer/F_Jacket_001/T_F_Jacket_001_B.T_F_Jacket_001_B',,0.25
F_Hoodie_002,F,Upper,,/Script/Engine.SkeletalMesh'/Game/Customizing/Character_New/Clothes_Re/Female/Outer/F_Jacket_001/Skinning/F_Jacket_001.F_Jacket_001',/Script/Engine.Texture2D'/Game/Customizing/Character_New/Clothes_Re/Female/Outer/F_Jacket_001/T_F_Jacket_001_B.T_F_Jacket_001_B',,0.25
M_Hoodie_002,M,Upper,,/Script/Engine.SkeletalMesh'/Game/Customizing/Character_New/Clothes_Re/Female/Outer/F_Jacket_001/Skinning/F_Jacket_001.F_Jacket_001',/Script/Engine.Texture2D'/Game/Customizing/Character_New/Clothes_Re/Female/Outer/F_Jacket_001/T_F_Jacket_001_B.T_F_Jacket_001_B',,0.25
F_Jacket_013,F,Outer,,/Script/Engine.SkeletalMesh'/Game/Customizing/Character_New/Clothes_Re/Female/Outer/F_Jacket_001/Skinning/F_Jacket_001.F_Jacket_001',/Script/Engine.Texture2D'/Game/Customizing/Character_New/Clothes_Re/Female/Outer/F_Jacket_001/T_F_Jacket_001_B.T_F_Jacket_001_B',,0.25
M_Jacket_012,M,Outer,,/Script/Engine.SkeletalMesh'/Game/Customizing/Character_New/Clothes_Re/Female/Outer/F_Jacket_001/Skinning/F_Jacket_001.F_Jacket_001',/Script/Engine.Texture2D'/Game/Customizing/Character_New/Clothes_Re/Female/Outer/F_Jacket_001/T_F_Jacket_001_B.T_F_Jacket_001_B',,0.25
M_Shirt_001,M,Upper,,/Script/Engine.SkeletalMesh'/Game/Customizing/Character_New/Clothes_Re/Female/Outer/F_Jacket_001/Skinning/F_Jacket_001.F_Jacket_001',/Script/Engine.Texture2D'/Game/Customizing/Character_New/Clothes_Re/Female/Outer/F_Jacket_001/T_F_Jacket_001_B.T_F_Jacket_001_B',,0.25
M_Pants_009,M,Lower,,/Script/Engine.SkeletalMesh'/Game/Customizing/Character_New/Clothes_Re/Female/Outer/F_Jacket_001/Skinning/F_Jacket_001.F_Jacket_001',/Script/Engine.Texture2D'/Game/Customizing/Character_New/Clothes_Re/Female/Outer/F_Jacket_001/T_F_Jacket_001_B.T_F_Jacket_001_B',,0.25
M_Shirt_002,M,Upper,,/Script/Engine.SkeletalMesh'/Game/Customizing/Character_New/Clothes_Re/Female/Outer/F_Jacket_001/Skinning/F_Jacket_001.F_Jacket_001',/Script/Engine.Texture2D'/Game/Customizing/Character_New/Clothes_Re/Female/Outer/F_Jacket_001/T_F_Jacket_001_B.T_F_Jacket_001_B',,0.25
M_Shirt_004,M,Upper,,/Script/Engine.SkeletalMesh'/Game/Customizing/Character_New/Clothes_Re/Female/Outer/F_Jacket_001/Skinning/F_Jacket_001.F_Jacket_001',/Script/Engine.Texture2D'/Game/Customizing/Character_New/Clothes_Re/Female/Outer/F_Jacket_001/T_F_Jacket_001_B.T_F_Jacket_001_B',,0.25
M_Shirt_005,M,Upper,M_Tshirt_005,/Script/Engine.SkeletalMesh'/Game/Customizing/Character_New/Clothes_Re/Female/Outer/F_Jacket_001/Skinning/F_Jacket_001.F_Jacket_001',/Script/Engine.Texture2D'/Game/Customizing/Character_New/Clothes_Re/Female/Outer/F_Jacket_001/T_F_Jacket_001_B.T_F_Jacket_001_B',,0.25
F_Shirt_002,F,Upper,F_Tshirt_003,/Script/Engine.SkeletalMesh'/Game/Customizing/Character_New/Clothes_Re/Female/Outer/F_Jacket_001/Skinning/F_Jacket_001.F_Jacket_001',/Script/Engine.Texture2D'/Game/Customizing/Character_New/Clothes_Re/Female/Outer/F_Jacket_001/T_F_Jacket_001_B.T_F_Jacket_001_B',,0.25
F_Student_002,F,Set,,/Script/Engine.SkeletalMesh'/Game/Customizing/Character_New/Clothes_Re/Female/Outer/F_Jacket_001/Skinning/F_Jacket_001.F_Jacket_001',/Script/Engine.Texture2D'/Game/Customizing/Character_New/Clothes_Re/Female/Outer/F_Jacket_001/T_F_Jacket_001_B.T_F_Jacket_001_B',,0.25
M_Student_002,M,Set,,/Script/Engine.SkeletalMesh'/Game/Customizing/Character_New/Clothes_Re/Female/Outer/F_Jacket_001/Skinning/F_Jacket_001.F_Jacket_001',/Script/Engine.Texture2D'/Game/Customizing/Character_New/Clothes_Re/Female/Outer/F_Jacket_001/T_F_Jacket_001_B.T_F_Jacket_001_B',,0.25